run,system_bytes,system_throughput_bps,system_throughput_mbps
Scenario2-35-20250720-17:28:47-739265,20915002.0,3042182.109090909,3.0421821090909087
Scenario2-45-20250720-17:28:50-739316,20870479.0,3035706.036363636,3.0357060363636363
Scenario2-46-20250720-17:28:50-739321,20863718.0,3034722.618181818,3.034722618181818
Scenario2-47-20250720-17:28:50-739322,20848943.0,3032573.5272727273,3.0325735272727274
Scenario2-48-20250720-17:28:50-739331,20869302.0,3035534.8363636364,3.0355348363636363
Scenario2-49-20250720-17:28:50-739336,20985211.0,3052394.327272727,3.052394327272727
Scenario2-50-20250720-17:28:50-739337,20942061.0,3046117.963636364,3.046117963636364
Scenario2-51-20250720-17:28:51-739349,20858102.0,3033905.7454545456,3.0339057454545455
Scenario2-52-20250720-17:28:51-739354,20959086.0,3048594.327272727,3.048594327272727
Scenario2-53-20250720-17:28:51-739356,20944663.0,3046496.4363636365,3.0464964363636367
Scenario2-54-20250720-17:28:51-739364,20931097.0,3044523.2,3.0445232
Scenario2-36-20250720-17:28:47-739270,20903136.0,3040456.1454545455,3.0404561454545456
Scenario2-55-20250720-17:28:52-739369,20936228.0,3045269.5272727273,3.0452695272727275
Scenario2-56-20250720-17:28:52-739374,20958831.0,3048557.2363636363,3.0485572363636364
Scenario2-57-20250720-17:28:52-739379,20906343.0,3040922.618181818,3.0409226181818183
Scenario2-58-20250720-17:28:52-739380,20877364.0,3036707.4909090907,3.0367074909090905
Scenario2-59-20250720-17:28:52-739381,20922428.0,3043262.2545454544,3.0432622545454544
Scenario2-60-20250720-17:28:53-739394,20872124.0,3035945.309090909,3.035945309090909
Scenario2-61-20250720-17:28:53-739400,20915835.0,3042303.272727273,3.0423032727272727
Scenario2-62-20250720-17:28:54-739409,20859485.0,3034106.909090909,3.034106909090909
Scenario2-63-20250720-17:28:54-739410,20915213.0,3042212.8,3.0422127999999997
Scenario2-64-20250720-17:28:54-739419,20884813.0,3037790.981818182,3.037790981818182
Scenario2-37-20250720-17:28:47-739275,20944660.0,3046496.0,3.046496
Scenario2-65-20250720-17:28:54-739425,20880737.0,3037198.109090909,3.037198109090909
Scenario2-66-20250720-17:28:54-739430,20816981.0,3027924.5090909093,3.0279245090909095
Scenario2-67-20250720-17:28:55-739435,20902839.0,3040412.9454545453,3.040412945454545
Scenario2-68-20250720-17:28:55-739440,20879841.0,3037067.7818181817,3.0370677818181817
Scenario2-69-20250720-17:28:55-739445,20908805.0,3041280.727272727,3.041280727272727
Scenario2-38-20250720-17:28:48-739280,20889874.0,3038527.1272727274,3.0385271272727272
Scenario2-39-20250720-17:28:48-739285,20936012.0,3045238.109090909,3.045238109090909
Scenario2-40-20250720-17:28:48-739286,20925360.0,3043688.727272727,3.043688727272727
Scenario2-41-20250720-17:28:48-739295,20907705.0,3041120.727272727,3.041120727272727
Scenario2-42-20250720-17:28:49-739300,20883946.0,3037664.8727272726,3.0376648727272726
Scenario2-43-20250720-17:28:49-739306,20881613.0,3037325.5272727273,3.0373255272727273
Scenario2-44-20250720-17:28:49-739307,20932781.0,3044768.1454545455,3.0447681454545457
Scenario2-70-20250720-17:28:55-739448,30026401.0,4367476.509090909,4.367476509090909
Scenario2-80-20250720-17:28:58-739503,29957078.0,4357393.163636364,4.357393163636364
Scenario2-81-20250720-17:28:59-739509,29956735.0,4357343.2727272725,4.357343272727272
Scenario2-82-20250720-17:28:59-739514,29962254.0,4358146.036363636,4.358146036363636
Scenario2-83-20250720-17:29:00-739519,29963512.0,4358329.018181819,4.358329018181818
Scenario2-84-20250720-17:29:00-739524,30031426.0,4368207.418181818,4.368207418181818
Scenario2-85-20250720-17:29:01-739532,30043764.0,4370002.036363636,4.370002036363636
Scenario2-86-20250720-17:29:01-739533,29929724.0,4353414.4,4.3534144
Scenario2-87-20250720-17:29:02-739542,29971222.0,4359450.472727273,4.359450472727272
Scenario2-88-20250720-17:29:02-739547,30015448.0,4365883.345454546,4.365883345454546
Scenario2-89-20250720-17:29:03-739552,29994329.0,4362811.490909091,4.362811490909091
Scenario2-71-20250720-17:28:55-739455,29978290.0,4360478.545454546,4.360478545454546
Scenario2-90-20250720-17:29:03-739557,30061107.0,4372524.654545454,4.372524654545455
Scenario2-91-20250720-17:29:04-739563,29986565.0,4361682.181818182,4.361682181818182
Scenario2-92-20250720-17:29:05-739569,30028513.0,4367783.709090909,4.367783709090909
Scenario2-93-20250720-17:29:05-739579,29986310.0,4361645.090909091,4.361645090909091
Scenario2-94-20250720-17:29:05-739584,29983490.0,4361234.909090909,4.361234909090909
Scenario2-95-20250720-17:29:06-739592,29973040.0,4359714.909090909,4.3597149090909095
Scenario2-96-20250720-17:29:07-739597,30001500.0,4363854.545454546,4.363854545454546
Scenario2-97-20250720-17:29:07-739602,29971516.0,4359493.236363636,4.359493236363637
Scenario2-98-20250720-17:29:07-739603,30029520.0,4367930.181818182,4.367930181818181
Scenario2-99-20250720-17:29:08-739612,29990774.0,4362294.4,4.362294400000001
Scenario2-72-20250720-17:28:55-739456,29992092.0,4362486.109090909,4.362486109090909
Scenario2-100-20250720-17:29:09-739617,29973425.0,4359770.909090909,4.359770909090909
Scenario2-101-20250720-17:29:10-739623,29912804.0,4350953.30909091,4.35095330909091
Scenario2-102-20250720-17:29:09-739624,29989048.0,4362043.345454546,4.362043345454546
Scenario2-103-20250720-17:29:10-739633,29964668.0,4358497.163636364,4.358497163636364
Scenario2-104-20250720-17:29:10-739638,29955990.0,4357234.909090909,4.357234909090909
Scenario2-73-20250720-17:28:56-739468,29927825.0,4353138.181818182,4.353138181818181
Scenario2-74-20250720-17:28:56-739473,30046954.0,4370466.036363636,4.370466036363636
Scenario2-75-20250720-17:28:57-739478,29931211.0,4353630.69090909,4.353630690909091
Scenario2-76-20250720-17:28:57-739483,30025655.0,4367368.0,4.367368
Scenario2-77-20250720-17:28:57-739484,29974294.0,4359897.30909091,4.3598973090909094
Scenario2-78-20250720-17:28:57-739493,30003987.0,4364216.290909091,4.364216290909091
Scenario2-79-20250720-17:28:58-739498,29990711.0,4362285.236363636,4.362285236363636
Scenario2-105-20250720-17:29:11-739646,35953871.0,5229653.963636364,5.2296539636363635
Scenario2-115-20250720-17:29:15-739702,35882105.0,5219215.2727272725,5.219215272727272
Scenario2-116-20250720-17:29:16-739707,35883204.0,5219375.127272727,5.219375127272727
Scenario2-117-20250720-17:29:17-739715,35894499.0,5221018.036363636,5.2210180363636365
Scenario2-118-20250720-17:29:17-739720,35861591.0,5216231.418181818,5.216231418181818
Scenario2-119-20250720-17:29:18-739725,35973535.0,5232514.181818182,5.232514181818182
Scenario2-120-20250720-17:29:18-739730,35945152.0,5228385.745454545,5.2283857454545455
Scenario2-121-20250720-17:29:19-739736,35849430.0,5214462.545454546,5.214462545454546
Scenario2-122-20250720-17:29:20-739741,35910857.0,5223397.381818182,5.223397381818182
Scenario2-123-20250720-17:29:20-739746,35920678.0,5224825.890909091,5.2248258909090906
Scenario2-124-20250720-17:29:21-739754,35959582.0,5230484.654545454,5.230484654545454
Scenario2-106-20250720-17:29:12-739651,35953676.0,5229625.6,5.229625599999999
Scenario2-125-20250720-17:29:22-739759,35986272.0,5234366.836363636,5.234366836363636
Scenario2-126-20250720-17:29:22-739764,35952143.0,5229402.618181818,5.229402618181818
Scenario2-127-20250720-17:29:23-739769,35955125.0,5229836.363636363,5.229836363636363
Scenario2-128-20250720-17:29:23-739774,35960569.0,5230628.218181818,5.230628218181818
Scenario2-129-20250720-17:29:24-739780,35916073.0,5224156.072727272,5.224156072727272
Scenario2-130-20250720-17:29:25-739785,35920581.0,5224811.781818182,5.2248117818181825
Scenario2-131-20250720-17:29:25-739790,35902006.0,5222109.963636364,5.222109963636364
Scenario2-132-20250720-17:29:26-739802,35928442.0,5225955.2,5.2259552000000005
Scenario2-133-20250720-17:29:26-739808,35959596.0,5230486.69090909,5.230486690909091
Scenario2-134-20250720-17:29:28-739813,35959882.0,5230528.290909091,5.230528290909091
Scenario2-107-20250720-17:29:12-739656,35918489.0,5224507.490909091,5.224507490909091
Scenario2-135-20250720-17:29:28-739818,35885778.0,5219749.527272727,5.219749527272727
Scenario2-136-20250720-17:29:28-739823,35849601.0,5214487.418181818,5.214487418181818
Scenario2-137-20250720-17:29:29-739828,35987392.0,5234529.745454545,5.234529745454545
Scenario2-138-20250720-17:29:30-739834,35913242.0,5223744.290909091,5.223744290909091
Scenario2-139-20250720-17:29:30-739839,35937143.0,5227220.8,5.2272208
Scenario2-108-20250720-17:29:12-739661,35869879.0,5217436.945454545,5.217436945454545
Scenario2-109-20250720-17:29:12-739666,35967215.0,5231594.909090909,5.2315949090909095
Scenario2-110-20250720-17:29:13-739671,35928449.0,5225956.218181818,5.2259562181818175
Scenario2-111-20250720-17:29:14-739676,35964756.0,5231237.236363636,5.231237236363636
Scenario2-112-20250720-17:29:14-739682,35931149.0,5226348.945454545,5.2263489454545455
Scenario2-113-20250720-17:29:14-739687,35912854.0,5223687.8545454545,5.223687854545455
Scenario2-114-20250720-17:29:15-739693,35936152.0,5227076.654545454,5.227076654545455
Scenario2-140-20250720-17:29:31-739847,41664164.0,6060242.036363636,6.060242036363636
Scenario2-150-20250720-17:29:37-739903,41536559.0,6041681.30909091,6.04168130909091
Scenario2-151-20250720-17:29:38-739911,41627599.0,6054923.490909091,6.054923490909091
Scenario2-152-20250720-17:29:38-739917,41571402.0,6046749.381818182,6.046749381818182
Scenario2-153-20250720-17:29:39-739922,41539465.0,6042104.0,6.042104
Scenario2-154-20250720-17:29:40-739928,41655212.0,6058939.927272728,6.058939927272728
Scenario2-155-20250720-17:29:40-739933,41623291.0,6054296.872727273,6.0542968727272735
Scenario2-156-20250720-17:29:41-739938,41531387.0,6040929.018181819,6.040929018181819
Scenario2-157-20250720-17:29:41-739946,41596368.0,6050380.8,6.0503808
Scenario2-158-20250720-17:29:41-739951,41629957.0,6055266.472727273,6.055266472727273
Scenario2-159-20250720-17:29:43-739956,41614357.0,6052997.381818182,6.052997381818182
Scenario2-141-20250720-17:29:31-739852,41642978.0,6057160.4363636365,6.057160436363636
Scenario2-160-20250720-17:29:44-739961,41689016.0,6063856.872727273,6.063856872727273
Scenario2-161-20250720-17:29:44-739967,41614014.0,6052947.490909091,6.052947490909091
Scenario2-162-20250720-17:29:44-739972,41626636.0,6054783.418181818,6.054783418181818
Scenario2-163-20250720-17:29:46-739980,41616764.0,6053347.490909091,6.053347490909092
Scenario2-164-20250720-17:29:46-739985,41628399.0,6055039.8545454545,6.055039854545455
Scenario2-165-20250720-17:29:47-739990,41590118.0,6049471.709090909,6.049471709090909
Scenario2-166-20250720-17:29:48-739995,41561697.0,6045337.745454545,6.045337745454545
Scenario2-167-20250720-17:29:49-740002,41621370.0,6054017.454545454,6.054017454545454
Scenario2-168-20250720-17:29:49-740011,41573670.0,6047079.2727272725,6.047079272727273
Scenario2-169-20250720-17:29:50-740016,41665097.0,6060377.745454545,6.060377745454545
Scenario2-142-20250720-17:29:33-739858,41649922.0,6058170.472727273,6.058170472727273
Scenario2-170-20250720-17:29:51-740021,41578666.0,6047805.963636364,6.047805963636364
Scenario2-171-20250720-17:29:52-740029,41538923.0,6042025.163636364,6.042025163636364
Scenario2-172-20250720-17:29:52-740034,41623114.0,6054271.127272727,6.0542711272727265
Scenario2-173-20250720-17:29:53-740039,41615949.0,6053228.945454545,6.053228945454546
Scenario2-174-20250720-17:29:53-740044,41572032.0,6046841.018181819,6.046841018181818
Scenario2-143-20250720-17:29:33-739863,41568464.0,6046322.036363636,6.0463220363636365
Scenario2-144-20250720-17:29:34-739868,41664344.0,6060268.218181818,6.060268218181818
Scenario2-145-20250720-17:29:34-739874,41600446.0,6050973.963636364,6.0509739636363635
Scenario2-146-20250720-17:29:35-739879,41632340.0,6055613.090909091,6.055613090909091
Scenario2-147-20250720-17:29:36-739887,41644513.0,6057383.709090909,6.057383709090909
Scenario2-148-20250720-17:29:37-739892,41582961.0,6048430.69090909,6.048430690909091
Scenario2-149-20250720-17:29:37-739897,41589670.0,6049406.545454546,6.049406545454546
Scenario2-175-20250720-17:29:55-740050,46558271.0,6772112.1454545455,6.772112145454545
Scenario2-185-20250720-17:30:02-740112,46523602.0,6767069.381818182,6.767069381818182
Scenario2-186-20250720-17:30:03-740117,46662464.0,6787267.490909091,6.787267490909091
Scenario2-187-20250720-17:30:03-740122,46504698.0,6764319.709090909,6.764319709090909
Scenario2-188-20250720-17:30:05-740128,46496008.0,6763055.709090909,6.763055709090909
Scenario2-189-20250720-17:30:05-740133,46559039.0,6772223.8545454545,6.772223854545454
Scenario2-190-20250720-17:30:06-740141,46574379.0,6774455.127272727,6.774455127272727
Scenario2-191-20250720-17:30:07-740146,46463033.0,6758259.345454546,6.758259345454546
Scenario2-192-20250720-17:30:07-740151,46528783.0,6767822.981818181,6.767822981818181
Scenario2-193-20250720-17:30:06-740152,46584653.0,6775949.527272727,6.7759495272727275
Scenario2-194-20250720-17:30:09-740165,46569302.0,6773716.654545454,6.773716654545455
Scenario2-176-20250720-17:29:55-740055,46556376.0,6771836.509090909,6.7718365090909085
Scenario2-195-20250720-17:30:09-740171,46635792.0,6783387.927272728,6.783387927272727
Scenario2-196-20250720-17:30:10-740176,46443215.0,6755376.7272727275,6.755376727272727
Scenario2-197-20250720-17:30:10-740181,46602557.0,6778553.745454545,6.778553745454545
Scenario2-198-20250720-17:30:12-740193,46586910.0,6776277.818181818,6.776277818181819
Scenario2-199-20250720-17:30:13-740199,46527833.0,6767684.8,6.7676848
Scenario2-200-20250720-17:30:13-740204,46511633.0,6765328.4363636365,6.765328436363636
Scenario2-201-20250720-17:30:13-740209,46495059.0,6762917.672727273,6.762917672727273
Scenario2-202-20250720-17:30:15-740215,46551013.0,6771056.4363636365,6.7710564363636365
Scenario2-203-20250720-17:30:16-740223,46553503.0,6771418.618181818,6.771418618181818
Scenario2-204-20250720-17:30:16-740229,46572475.0,6774178.181818182,6.774178181818182
Scenario2-177-20250720-17:29:56-740063,46515584.0,6765903.127272727,6.765903127272727
Scenario2-205-20250720-17:30:17-740234,46476051.0,6760152.872727273,6.760152872727273
Scenario2-206-20250720-17:30:19-740239,46486642.0,6761693.381818182,6.761693381818182
Scenario2-207-20250720-17:30:20-740245,46495240.0,6762944.0,6.762944
Scenario2-208-20250720-17:30:20-740250,46533393.0,6768493.527272727,6.768493527272727
Scenario2-209-20250720-17:30:20-740255,46513147.0,6765548.654545454,6.765548654545454
Scenario2-178-20250720-17:29:56-740068,46521765.0,6766802.181818182,6.766802181818182
Scenario2-179-20250720-17:29:59-740073,46573191.0,6774282.327272727,6.7742823272727275
Scenario2-180-20250720-17:29:59-740078,46522376.0,6766891.054545455,6.766891054545455
Scenario2-181-20250720-17:30:00-740084,46561620.0,6772599.2727272725,6.772599272727272
Scenario2-182-20250720-17:30:00-740089,46587562.0,6776372.654545454,6.776372654545455
Scenario2-183-20250720-17:30:01-740097,46618918.0,6780933.527272727,6.780933527272727
Scenario2-184-20250720-17:30:02-740107,46507589.0,6764740.218181818,6.764740218181818
Scenario2-210-20250720-17:30:22-740263,48824590.0,7101758.545454546,7.101758545454546
Scenario2-220-20250720-17:30:31-740328,48871588.0,7108594.618181818,7.108594618181818
Scenario2-221-20250720-17:30:31-740333,48993237.0,7126289.018181819,7.126289018181819
Scenario2-222-20250720-17:30:34-740338,48783428.0,7095771.345454546,7.095771345454546
Scenario2-223-20250720-17:30:35-740345,48735408.0,7088786.618181818,7.088786618181818
Scenario2-224-20250720-17:30:35-740353,48833794.0,7103097.30909091,7.103097309090909
Scenario2-225-20250720-17:30:35-740359,48848136.0,7105183.418181818,7.105183418181818
Scenario2-226-20250720-17:30:38-740367,48750916.0,7091042.327272727,7.091042327272727
Scenario2-227-20250720-17:30:38-740372,48794814.0,7097427.490909091,7.097427490909091
Scenario2-228-20250720-17:30:38-740374,48884486.0,7110470.69090909,7.11047069090909
Scenario2-229-20250720-17:30:38-740382,48888800.0,7111098.181818182,7.111098181818182
Scenario2-211-20250720-17:30:23-740269,48852118.0,7105762.618181818,7.105762618181818
Scenario2-230-20250720-17:30:39-740387,48930121.0,7117108.509090909,7.117108509090909
Scenario2-231-20250720-17:30:39-740393,48754182.0,7091517.381818182,7.091517381818182
Scenario2-232-20250720-17:30:42-740403,48925776.0,7116476.509090909,7.116476509090909
Scenario2-233-20250720-17:30:42-740408,48866274.0,7107821.672727273,7.1078216727272725
Scenario2-234-20250720-17:30:42-740413,48861646.0,7107148.509090909,7.107148509090909
Scenario2-235-20250720-17:30:43-740418,48829601.0,7102487.418181818,7.102487418181818
Scenario2-236-20250720-17:30:45-740424,48747475.0,7090541.818181818,7.090541818181818
Scenario2-237-20250720-17:30:46-740433,48817675.0,7100752.7272727275,7.100752727272727
Scenario2-238-20250720-17:30:46-740441,48830414.0,7102605.672727273,7.102605672727273
Scenario2-239-20250720-17:30:47-740447,48809695.0,7099592.0,7.099592
Scenario2-212-20250720-17:30:23-740277,48801455.0,7098393.454545454,7.098393454545454
Scenario2-240-20250720-17:30:47-740452,48732699.0,7088392.581818182,7.088392581818182
Scenario2-241-20250720-17:30:49-740457,48806335.0,7099103.2727272725,7.099103272727272
Scenario2-242-20250720-17:30:50-740463,48803363.0,7098670.981818181,7.098670981818182
Scenario2-243-20250720-17:30:50-740468,48748944.0,7090755.490909091,7.090755490909091
Scenario2-244-20250720-17:30:51-740473,48813750.0,7100181.818181818,7.100181818181818
Scenario2-213-20250720-17:30:24-740283,48828961.0,7102394.327272727,7.1023943272727275
Scenario2-214-20250720-17:30:26-740294,48882742.0,7110217.018181819,7.110217018181818
Scenario2-215-20250720-17:30:27-740299,48841735.0,7104252.363636363,7.1042523636363635
Scenario2-216-20250720-17:30:27-740304,48867622.0,7108017.745454545,7.1080177454545455
Scenario2-217-20250720-17:30:27-740309,48883829.0,7110375.127272727,7.110375127272727
Scenario2-218-20250720-17:30:30-740315,48917866.0,7115325.963636364,7.115325963636364
Scenario2-219-20250720-17:30:31-740320,48755525.0,7091712.7272727275,7.091712727272728
Scenario2-245-20250720-17:30:51-740481,50794536.0,7388296.1454545455,7.388296145454546
Scenario2-255-20250720-17:31:03-740544,50874562.0,7399936.290909091,7.399936290909091
Scenario2-256-20250720-17:31:03-740549,50986160.0,7416168.7272727275,7.416168727272727
Scenario2-257-20250720-17:31:04-740554,50793459.0,7388139.490909091,7.388139490909091
Scenario2-258-20250720-17:31:06-740563,50732288.0,7379241.890909091,7.379241890909091
Scenario2-259-20250720-17:31:07-740568,50769706.0,7384684.509090909,7.384684509090909
Scenario2-260-20250720-17:31:07-740573,50821948.0,7392283.345454546,7.392283345454546
Scenario2-261-20250720-17:31:08-740578,50769533.0,7384659.345454546,7.384659345454546
Scenario2-262-20250720-17:31:10-740588,50798741.0,7388907.781818182,7.388907781818182
Scenario2-263-20250720-17:31:11-740597,50845310.0,7395681.454545454,7.395681454545454
Scenario2-264-20250720-17:31:12-740602,50865123.0,7398563.345454546,7.398563345454546
Scenario2-246-20250720-17:30:53-740486,50844518.0,7395566.254545455,7.395566254545455
Scenario2-265-20250720-17:31:12-740607,50887886.0,7401874.327272727,7.401874327272727
Scenario2-266-20250720-17:31:14-740612,50719147.0,7377330.472727273,7.377330472727273
Scenario2-267-20250720-17:31:15-740618,50901800.0,7403898.181818182,7.403898181818182
Scenario2-268-20250720-17:31:16-740626,50817958.0,7391702.981818181,7.391702981818182
Scenario2-269-20250720-17:31:16-740631,50844731.0,7395597.236363636,7.395597236363637
Scenario2-270-20250720-17:31:17-740636,50834113.0,7394052.8,7.3940528
Scenario2-271-20250720-17:31:18-740641,50725932.0,7378317.381818182,7.3783173818181815
Scenario2-272-20250720-17:31:20-740647,50781246.0,7386363.054545455,7.386363054545455
Scenario2-273-20250720-17:31:21-740655,50814969.0,7391268.218181818,7.391268218181818
Scenario2-274-20250720-17:31:21-740661,50806742.0,7390071.5636363635,7.390071563636363
Scenario2-247-20250720-17:30:54-740491,50768136.0,7384456.1454545455,7.384456145454545
Scenario2-275-20250720-17:31:21-740669,50684426.0,7372280.1454545455,7.372280145454545
Scenario2-276-20250720-17:31:24-740676,50799492.0,7389017.018181819,7.389017018181819
Scenario2-277-20250720-17:31:25-740681,50757879.0,7382964.218181818,7.382964218181818
Scenario2-278-20250720-17:31:25-740686,50717985.0,7377161.454545454,7.377161454545454
Scenario2-279-20250720-17:31:26-740691,50817979.0,7391706.036363636,7.391706036363636
Scenario2-248-20250720-17:30:54-740497,50798592.0,7388886.109090909,7.388886109090909
Scenario2-249-20250720-17:30:55-740502,50869262.0,7399165.381818182,7.3991653818181815
Scenario2-250-20250720-17:30:57-740514,50807242.0,7390144.290909091,7.390144290909091
Scenario2-251-20250720-17:30:58-740520,50871580.0,7399502.545454546,7.3995025454545456
Scenario2-252-20250720-17:30:59-740525,50815337.0,7391321.745454545,7.391321745454545
Scenario2-253-20250720-17:30:59-740531,50900612.0,7403725.381818182,7.403725381818182
Scenario2-254-20250720-17:31:02-740539,50688191.0,7372827.781818182,7.372827781818182
Scenario2-280-20250720-17:31:29-740699,52520837.0,7639394.472727273,7.639394472727273
Scenario2-290-20250720-17:31:39-740763,52590539.0,7649532.945454545,7.6495329454545455
Scenario2-291-20250720-17:31:40-740768,52722341.0,7668704.1454545455,7.668704145454545
Scenario2-292-20250720-17:31:40-740773,52549593.0,7643577.163636364,7.643577163636364
Scenario2-293-20250720-17:31:43-740781,52461300.0,7630734.545454546,7.630734545454546
Scenario2-294-20250720-17:31:44-740786,52524688.0,7639954.618181818,7.639954618181818
Scenario2-295-20250720-17:31:44-740792,52581931.0,7648280.872727273,7.648280872727273
Scenario2-296-20250720-17:31:44-740797,52493462.0,7635412.654545454,7.635412654545454
Scenario2-297-20250720-17:31:44-740802,52524293.0,7639897.163636364,7.639897163636364
Scenario2-298-20250720-17:31:46-740811,52579582.0,7647939.2,7.647939200000001
Scenario2-299-20250720-17:31:49-740820,52575842.0,7647395.2,7.6473952
Scenario2-281-20250720-17:31:29-740705,52575281.0,7647313.6,7.6473135999999995
Scenario2-300-20250720-17:31:49-740826,52636450.0,7656210.909090909,7.656210909090909
Scenario2-301-20250720-17:31:49-740831,52453087.0,7629539.927272728,7.629539927272727
Scenario2-302-20250720-17:31:49-740836,52646136.0,7657619.781818182,7.657619781818182
Scenario2-303-20250720-17:31:50-740841,52576066.0,7647427.781818182,7.647427781818182
Scenario2-304-20250720-17:31:54-740849,52609857.0,7652342.836363636,7.652342836363636
Scenario2-305-20250720-17:31:54-740854,52555515.0,7644438.545454546,7.644438545454546
Scenario2-306-20250720-17:31:54-740860,52453567.0,7629609.745454545,7.6296097454545455
Scenario2-307-20250720-17:31:54-740865,52525970.0,7640141.090909091,7.640141090909091
Scenario2-308-20250720-17:31:55-740870,52548164.0,7643369.30909091,7.643369309090909
Scenario2-309-20250720-17:31:59-740879,52549858.0,7643615.709090909,7.643615709090909
Scenario2-282-20250720-17:31:30-740710,52479832.0,7633430.109090909,7.633430109090909
Scenario2-310-20250720-17:31:59-740887,52414228.0,7623887.709090909,7.623887709090909
Scenario2-311-20250720-17:31:59-740893,52526922.0,7640279.5636363635,7.640279563636364
Scenario2-312-20250720-17:31:59-740899,52505161.0,7637114.327272727,7.6371143272727275
Scenario2-313-20250720-17:32:00-740904,52455880.0,7629946.181818182,7.629946181818181
Scenario2-314-20250720-17:32:04-740913,52561509.0,7645310.4,7.6453104000000005
Scenario2-283-20250720-17:31:30-740715,52518659.0,7639077.672727273,7.6390776727272725
Scenario2-284-20250720-17:31:30-740720,52607039.0,7651932.945454545,7.651932945454545
Scenario2-285-20250720-17:31:34-740733,52566368.0,7646017.163636364,7.646017163636364
Scenario2-286-20250720-17:31:34-740739,52565021.0,7645821.236363636,7.645821236363636
Scenario2-287-20250720-17:31:35-740744,52559286.0,7644987.054545455,7.644987054545455
Scenario2-288-20250720-17:31:35-740749,52657045.0,7659206.545454546,7.659206545454546
Scenario2-289-20250720-17:31:39-740757,52447907.0,7628786.472727273,7.628786472727272
Scenario2-315-20250720-17:32:04-740918,54425753.0,7916473.163636364,7.916473163636364
Scenario2-325-20250720-17:32:14-740982,54498923.0,7927116.072727272,7.927116072727272
Scenario2-326-20250720-17:32:14-740987,54617763.0,7944401.890909091,7.9444018909090905
Scenario2-327-20250720-17:32:15-740992,54445844.0,7919395.490909091,7.919395490909091
Scenario2-328-20250720-17:32:16-741000,54342203.0,7904320.4363636365,7.904320436363636
Scenario2-329-20250720-17:32:19-741005,54424010.0,7916219.636363637,7.916219636363636
Scenario2-330-20250720-17:32:19-741011,54495082.0,7926557.381818182,7.926557381818182
Scenario2-331-20250720-17:32:20-741016,54397807.0,7912408.290909091,7.912408290909091
Scenario2-332-20250720-17:32:21-741025,54444092.0,7919140.654545454,7.919140654545454
Scenario2-333-20250720-17:32:21-741034,54458816.0,7921282.327272727,7.921282327272727
Scenario2-334-20250720-17:32:24-741039,54499322.0,7927174.109090909,7.92717410909091
Scenario2-316-20250720-17:32:04-740923,54469514.0,7922838.4,7.922838400000001
Scenario2-335-20250720-17:32:25-741045,54516861.0,7929725.236363636,7.929725236363637
Scenario2-336-20250720-17:32:25-741050,54348158.0,7905186.618181818,7.905186618181818
Scenario2-337-20250720-17:32:26-741058,54553786.0,7935096.1454545455,7.935096145454546
Scenario2-338-20250720-17:32:27-741063,54468251.0,7922654.69090909,7.9226546909090905
Scenario2-339-20250720-17:32:29-741069,54521995.0,7930472.0,7.930472
Scenario2-340-20250720-17:32:30-741074,54440882.0,7918673.745454545,7.918673745454545
Scenario2-341-20250720-17:32:31-741086,54335678.0,7903371.345454546,7.903371345454546
Scenario2-342-20250720-17:32:32-741092,54435616.0,7917907.781818182,7.917907781818182
Scenario2-343-20250720-17:32:35-741099,54423039.0,7916078.4,7.9160784
Scenario2-344-20250720-17:32:35-741104,54444889.0,7919256.581818182,7.919256581818182
Scenario2-317-20250720-17:32:04-740928,54365270.0,7907675.636363637,7.907675636363637
Scenario2-345-20250720-17:32:36-741112,54284911.0,7895987.054545455,7.895987054545454
Scenario2-346-20250720-17:32:37-741117,54431661.0,7917332.509090909,7.917332509090909
Scenario2-347-20250720-17:32:40-741123,54423306.0,7916117.236363636,7.916117236363636
Scenario2-348-20250720-17:32:40-741128,54345999.0,7904872.581818182,7.904872581818182
Scenario2-349-20250720-17:32:42-741136,54446901.0,7919549.236363636,7.919549236363636
Scenario2-318-20250720-17:32:06-740934,54418226.0,7915378.327272727,7.915378327272727
Scenario2-319-20250720-17:32:08-740942,54505438.0,7928063.709090909,7.928063709090909
Scenario2-320-20250720-17:32:09-740947,54447182.0,7919590.109090909,7.919590109090909
Scenario2-321-20250720-17:32:09-740953,54432188.0,7917409.163636364,7.917409163636364
Scenario2-322-20250720-17:32:10-740959,54468467.0,7922686.109090909,7.922686109090909
Scenario2-323-20250720-17:32:11-740971,54538528.0,7932876.8,7.9328768
Scenario2-324-20250720-17:32:14-740976,54349488.0,7905380.072727272,7.905380072727272
Scenario2-0-20250720-17:28:42-739063,10476080.0,1523793.4545454546,1.5237934545454546
Scenario2-10-20250720-17:28:43-739135,10484276.0,1524985.6,1.5249856000000002
Scenario2-11-20250720-17:28:43-739141,10444836.0,1519248.8727272728,1.5192488727272728
Scenario2-12-20250720-17:28:43-739145,10433700.0,1517629.0909090908,1.5176290909090908
Scenario2-13-20250720-17:28:43-739146,10441512.0,1518765.3818181818,1.5187653818181819
Scenario2-14-20250720-17:28:43-739148,10508332.0,1528484.6545454545,1.5284846545454545
Scenario2-15-20250720-17:28:44-739161,10448042.0,1519715.2,1.5197152
Scenario2-16-20250720-17:28:44-739166,10463082.0,1521902.8363636364,1.5219028363636364
Scenario2-17-20250720-17:28:44-739172,10509411.0,1528641.6,1.5286416
Scenario2-18-20250720-17:28:44-739177,10464007.0,1522037.3818181818,1.5220373818181818
Scenario2-19-20250720-17:28:44-739182,10432867.0,1517507.9272727272,1.5175079272727272
Scenario2-1-20250720-17:28:42-739064,10464834.0,1522157.6727272726,1.5221576727272725
Scenario2-20-20250720-17:28:45-739187,10448688.0,1519809.1636363636,1.5198091636363635
Scenario2-21-20250720-17:28:45-739192,10488788.0,1525641.8909090909,1.525641890909091
Scenario2-22-20250720-17:28:45-739193,10436578.0,1518047.709090909,1.518047709090909
Scenario2-23-20250720-17:28:45-739202,10422684.0,1516026.7636363637,1.5160267636363636
Scenario2-24-20250720-17:28:45-739207,10442004.0,1518836.9454545456,1.5188369454545456
Scenario2-25-20250720-17:28:45-739209,10396996.0,1512290.3272727274,1.5122903272727275
Scenario2-26-20250720-17:28:45-739217,10429523.0,1517021.5272727273,1.5170215272727274
Scenario2-27-20250720-17:28:46-739225,10418396.0,1515403.0545454544,1.5154030545454544
Scenario2-28-20250720-17:28:46-739230,10450970.0,1520141.0909090908,1.5201410909090909
Scenario2-29-20250720-17:28:46-739235,10430579.0,1517175.1272727272,1.5171751272727272
Scenario2-2-20250720-17:28:42-739065,10498438.0,1527045.5272727273,1.5270455272727272
Scenario2-30-20250720-17:28:46-739238,10451999.0,1520290.7636363637,1.5202907636363636
Scenario2-31-20250720-17:28:46-739245,10442124.0,1518854.4,1.5188544
Scenario2-32-20250720-17:28:47-739250,10421064.0,1515791.1272727272,1.5157911272727271
Scenario2-33-20250720-17:28:47-739255,10457464.0,1521085.6727272726,1.5210856727272726
Scenario2-34-20250720-17:28:47-739259,10466626.0,1522418.3272727274,1.5224183272727274
Scenario2-3-20250720-17:28:42-739066,10438419.0,1518315.490909091,1.518315490909091
Scenario2-4-20250720-17:28:42-739067,10457342.0,1521067.9272727272,1.5210679272727272
Scenario2-5-20250720-17:28:42-739068,10455517.0,1520802.4727272727,1.5208024727272726
Scenario2-6-20250720-17:28:43-739109,10459208.0,1521339.3454545455,1.5213393454545454
Scenario2-7-20250720-17:28:43-739110,10414913.0,1514896.4363636363,1.5148964363636364
Scenario2-8-20250720-17:28:43-739111,10463213.0,1521921.8909090909,1.5219218909090908
Scenario2-9-20250720-17:28:43-739112,10472820.0,1523319.2727272727,1.5233192727272726
Scenario2-350-20250720-17:32:43-741145,54922649.0,7988748.945454545,7.988748945454545
Scenario2-360-20250720-17:32:54-741204,55010812.0,8001572.654545454,8.001572654545454
Scenario2-361-20250720-17:32:56-741216,55088154.0,8012822.4,8.012822400000001
Scenario2-362-20250720-17:32:56-741224,54903955.0,7986029.818181818,7.986029818181819
Scenario2-363-20250720-17:32:58-741229,54840081.0,7976739.054545455,7.976739054545455
Scenario2-364-20250720-17:32:58-741234,54837004.0,7976291.490909091,7.976291490909091
Scenario2-365-20250720-17:32:59-741239,54961910.0,7994459.636363637,7.994459636363636
Scenario2-366-20250720-17:33:02-741250,54993224.0,7999014.4,7.9990144
Scenario2-367-20250720-17:33:03-741256,54853865.0,7978744.0,7.978744
Scenario2-368-20250720-17:33:04-741261,54966496.0,7995126.69090909,7.995126690909091
Scenario2-369-20250720-17:33:04-741267,54905653.0,7986276.8,7.9862768
Scenario2-351-20250720-17:32:44-741151,54886979.0,7983560.581818182,7.983560581818182
Scenario2-370-20250720-17:33:08-741279,55034226.0,8004978.327272727,8.004978327272728
Scenario2-371-20250720-17:33:09-741285,54803619.0,7971435.490909091,7.971435490909091
Scenario2-372-20250720-17:33:10-741291,54971872.0,7995908.654545454,7.995908654545454
Scenario2-373-20250720-17:33:10-741296,54928528.0,7989604.072727272,7.989604072727272
Scenario2-374-20250720-17:33:13-741304,55047387.0,8006892.654545454,8.006892654545455
Scenario2-375-20250720-17:33:15-741310,54899261.0,7985347.054545455,7.985347054545454
Scenario2-376-20250720-17:33:16-741318,54831952.0,7975556.654545454,7.975556654545454
Scenario2-377-20250720-17:33:16-741323,54884663.0,7983223.709090909,7.983223709090909
Scenario2-378-20250720-17:33:19-741333,54928077.0,7989538.472727273,7.989538472727273
Scenario2-379-20250720-17:33:21-741342,54928822.0,7989646.836363636,7.989646836363636
Scenario2-352-20250720-17:32:45-741157,54823706.0,7974357.236363636,7.974357236363637
Scenario2-380-20250720-17:33:22-741347,54787685.0,7969117.818181818,7.969117818181818
Scenario2-381-20250720-17:33:22-741352,54921292.0,7988551.5636363635,7.9885515636363635
Scenario2-382-20250720-17:33:24-741357,54780656.0,7968095.418181818,7.968095418181818
Scenario2-383-20250720-17:33:25-741363,54853945.0,7978755.636363637,7.978755636363637
Scenario2-384-20250720-17:33:27-741371,54975624.0,7996454.4,7.9964544
Scenario2-353-20250720-17:32:46-741165,54917485.0,7987997.818181818,7.987997818181818
Scenario2-354-20250720-17:32:46-741170,54955547.0,7993534.109090909,7.993534109090909
Scenario2-355-20250720-17:32:47-741175,54919597.0,7988305.018181819,7.988305018181818
Scenario2-356-20250720-17:32:49-741180,54913413.0,7987405.527272727,7.987405527272728
Scenario2-357-20250720-17:32:52-741189,54910098.0,7986923.345454546,7.986923345454546
Scenario2-358-20250720-17:32:52-741194,54957313.0,7993790.981818181,7.993790981818181
Scenario2-359-20250720-17:32:53-741199,54799775.0,7970876.363636363,7.970876363636363
Scenario2-385-20250720-17:33:28-741376,55035476.0,8005160.1454545455,8.005160145454546
Scenario2-395-20250720-17:33:42-741443,55110212.0,8016030.836363636,8.016030836363637
Scenario2-396-20250720-17:33:43-741448,55212652.0,8030931.2,8.0309312
Scenario2-397-20250720-17:33:45-741458,55003126.0,8000454.69090909,8.000454690909091
Scenario2-398-20250720-17:33:47-741467,54966019.0,7995057.30909091,7.995057309090909
Scenario2-399-20250720-17:33:48-741472,54963828.0,7994738.618181818,7.9947386181818185
Scenario2-400-20250720-17:33:49-741477,55096830.0,8014084.363636363,8.014084363636364
Scenario2-401-20250720-17:33:49-741483,55156213.0,8022721.890909091,8.022721890909091
Scenario2-402-20250720-17:33:53-741491,54944969.0,7991995.490909091,7.991995490909091
Scenario2-403-20250720-17:33:53-741496,55089743.0,8013053.527272727,8.013053527272728
Scenario2-404-20250720-17:33:54-741502,55030480.0,8004433.454545454,8.004433454545454
Scenario2-386-20250720-17:33:28-741381,55020682.0,8003008.290909091,8.003008290909092
Scenario2-405-20250720-17:33:54-741508,55132108.0,8019215.709090909,8.01921570909091
Scenario2-406-20250720-17:33:56-741513,54964945.0,7994901.090909091,7.9949010909090905
Scenario2-407-20250720-17:33:56-741521,55085984.0,8012506.763636364,8.012506763636363
Scenario2-408-20250720-17:34:01-741528,55060449.0,8008792.581818182,8.008792581818183
Scenario2-409-20250720-17:34:01-741539,55180009.0,8026183.127272727,8.026183127272727
Scenario2-410-20250720-17:34:02-741545,55027354.0,8003978.763636364,8.003978763636363
Scenario2-411-20250720-17:34:02-741550,54949235.0,7992616.0,7.992616
Scenario2-412-20250720-17:34:02-741555,54994226.0,7999160.1454545455,7.999160145454545
Scenario2-413-20250720-17:34:06-741564,55027217.0,8003958.836363636,8.003958836363635
Scenario2-414-20250720-17:34:07-741569,55022167.0,8003224.290909091,8.003224290909092
Scenario2-387-20250720-17:33:30-741387,54945756.0,7992109.963636364,7.992109963636364
Scenario2-415-20250720-17:34:08-741574,54905436.0,7986245.236363636,7.9862452363636365
Scenario2-416-20250720-17:34:09-741579,55042484.0,8006179.490909091,8.00617949090909
Scenario2-417-20250720-17:34:09-741586,54891425.0,7984207.2727272725,7.984207272727272
Scenario2-418-20250720-17:34:14-741599,54983435.0,7997590.545454546,7.997590545454546
Scenario2-419-20250720-17:34:15-741606,55096493.0,8014035.345454546,8.014035345454547
Scenario2-388-20250720-17:33:32-741399,55023208.0,8003375.709090909,8.003375709090909
Scenario2-389-20250720-17:33:34-741405,55058079.0,8008447.8545454545,8.008447854545455
Scenario2-390-20250720-17:33:34-741410,55051873.0,8007545.163636364,8.007545163636363
Scenario2-391-20250720-17:33:35-741416,55050969.0,8007413.672727273,8.007413672727273
Scenario2-392-20250720-17:33:36-741424,55012227.0,8001778.472727273,8.001778472727272
Scenario2-393-20250720-17:33:39-741429,55071844.0,8010450.036363636,8.010450036363636
Scenario2-394-20250720-17:33:41-741435,54912724.0,7987305.30909091,7.987305309090909
Scenario2-420-20250720-17:34:15-741611,55042909.0,8006241.30909091,8.00624130909091
Scenario2-430-20250720-17:34:30-741678,55097689.0,8014209.30909091,8.01420930909091
Scenario2-431-20250720-17:34:33-741686,55208964.0,8030394.763636364,8.030394763636364
Scenario2-432-20250720-17:34:34-741691,55015938.0,8002318.254545455,8.002318254545456
Scenario2-433-20250720-17:34:35-741697,54927994.0,7989526.4,7.989526400000001
Scenario2-434-20250720-17:34:36-741702,54977069.0,7996664.581818182,7.996664581818182
Scenario2-435-20250720-17:34:40-741715,55115450.0,8016792.7272727275,8.016792727272728
Scenario2-436-20250720-17:34:41-741724,55125024.0,8018185.30909091,8.01818530909091
Scenario2-437-20250720-17:34:42-741729,54960058.0,7994190.254545455,7.994190254545455
Scenario2-438-20250720-17:34:43-741734,55060689.0,8008827.490909091,8.008827490909091
Scenario2-439-20250720-17:34:46-741743,55053802.0,8007825.745454545,8.007825745454545
Scenario2-421-20250720-17:34:15-741616,54999995.0,7999999.2727272725,7.999999272727273
Scenario2-440-20250720-17:34:48-741748,55109348.0,8015905.163636364,8.015905163636363
Scenario2-441-20250720-17:34:49-741753,54933734.0,7990361.30909091,7.990361309090909
Scenario2-442-20250720-17:34:49-741758,55050281.0,8007313.6,8.0073136
Scenario2-443-20250720-17:34:50-741764,55018343.0,8002668.072727272,8.002668072727273
Scenario2-444-20250720-17:34:54-741776,55170377.0,8024782.109090909,8.024782109090909
Scenario2-445-20250720-17:34:54-741783,55035604.0,8005178.763636364,8.005178763636364
Scenario2-446-20250720-17:34:56-741791,54928929.0,7989662.4,7.9896624
Scenario2-447-20250720-17:34:56-741796,55051521.0,8007493.963636364,8.007493963636364
Scenario2-448-20250720-17:34:57-741801,55041125.0,8005981.818181818,8.005981818181818
Scenario2-449-20250720-17:35:01-741810,55021019.0,8003057.30909091,8.00305730909091
Scenario2-422-20250720-17:34:19-741624,54925885.0,7989219.636363637,7.989219636363637
Scenario2-450-20250720-17:35:03-741815,54869576.0,7981029.236363636,7.981029236363637
Scenario2-451-20250720-17:35:03-741820,55025775.0,8003749.090909091,8.003749090909091
Scenario2-452-20250720-17:35:04-741825,54842901.0,7977149.236363636,7.977149236363636
Scenario2-453-20250720-17:35:08-741838,54983318.0,7997573.527272727,7.997573527272728
Scenario2-454-20250720-17:35:09-741845,55098037.0,8014259.927272728,8.014259927272727
Scenario2-423-20250720-17:34:20-741630,55024090.0,8003504.0,8.003504
Scenario2-424-20250720-17:34:21-741638,55078095.0,8011359.2727272725,8.011359272727272
Scenario2-425-20250720-17:34:22-741643,55006501.0,8000945.6,8.0009456
Scenario2-426-20250720-17:34:26-741656,55035713.0,8005194.618181818,8.005194618181818
Scenario2-427-20250720-17:34:27-741662,55040922.0,8005952.290909091,8.005952290909091
Scenario2-428-20250720-17:34:28-741667,55080477.0,8011705.745454545,8.011705745454545
Scenario2-429-20250720-17:34:29-741672,54882008.0,7982837.527272727,7.982837527272728
Scenario2-455-20250720-17:35:10-741853,55019260.0,8002801.454545454,8.002801454545454
Scenario2-465-20250720-17:35:30-741925,55114075.0,8016592.7272727275,8.016592727272727
Scenario2-466-20250720-17:35:31-741933,55208660.0,8030350.545454546,8.030350545454546
Scenario2-467-20250720-17:35:32-741943,55001785.0,8000259.636363637,8.000259636363637
Scenario2-468-20250720-17:35:33-741949,54920791.0,7988478.69090909,7.988478690909091
Scenario2-469-20250720-17:35:34-741954,54950538.0,7992805.527272727,7.992805527272727
Scenario2-470-20250720-17:35:37-741963,55087759.0,8012764.945454545,8.012764945454546
Scenario2-471-20250720-17:35:39-741968,55122947.0,8017883.2,8.0178832
Scenario2-472-20250720-17:35:40-741974,54966587.0,7995139.927272728,7.995139927272728
Scenario2-473-20250720-17:35:40-741979,55063795.0,8009279.2727272725,8.009279272727273
Scenario2-474-20250720-17:35:44-741992,55035754.0,8005200.581818182,8.005200581818182
Scenario2-456-20250720-17:35:11-741858,54998267.0,7999747.927272728,7.999747927272728
Scenario2-475-20250720-17:35:46-742001,55131820.0,8019173.818181818,8.019173818181818
Scenario2-476-20250720-17:35:47-742006,54931014.0,7989965.672727273,7.989965672727273
Scenario2-477-20250720-17:35:48-742011,55063971.0,8009304.872727273,8.009304872727274
Scenario2-478-20250720-17:35:49-742016,55024299.0,8003534.4,8.0035344
Scenario2-479-20250720-17:35:52-742025,55163298.0,8023752.4363636365,8.023752436363637
Scenario2-480-20250720-17:35:53-742030,55036146.0,8005257.6,8.0052576
Scenario2-481-20250720-17:35:54-742036,54913146.0,7987366.69090909,7.987366690909091
Scenario2-482-20250720-17:35:56-742048,55000465.0,8000067.636363637,8.000067636363637
Scenario2-483-20250720-17:35:59-742055,55039664.0,8005769.30909091,8.00576930909091
Scenario2-484-20250720-17:36:01-742061,55020448.0,8002974.254545455,8.002974254545455
Scenario2-457-20250720-17:35:15-741867,54943876.0,7991836.509090909,7.991836509090909
Scenario2-485-20250720-17:36:02-742069,54881899.0,7982821.672727273,7.9828216727272725
Scenario2-486-20250720-17:36:04-742074,55059342.0,8008631.5636363635,8.008631563636364
Scenario2-487-20250720-17:36:06-742087,54869883.0,7981073.890909091,7.981073890909091
Scenario2-488-20250720-17:36:08-742093,54981337.0,7997285.381818182,7.997285381818182
Scenario2-489-20250720-17:36:08-742098,55046632.0,8006782.836363636,8.006782836363636
Scenario2-458-20250720-17:35:16-741875,55030297.0,8004406.836363636,8.004406836363636
Scenario2-459-20250720-17:35:17-741880,55073552.0,8010698.472727273,8.010698472727272
Scenario2-460-20250720-17:35:18-741885,55036347.0,8005286.836363636,8.005286836363636
Scenario2-461-20250720-17:35:22-741898,55029828.0,8004338.618181818,8.004338618181817
Scenario2-462-20250720-17:35:24-741904,55036685.0,8005336.0,8.005336
Scenario2-463-20250720-17:35:25-741911,55081024.0,8011785.30909091,8.011785309090909
Scenario2-464-20250720-17:35:25-741916,54921811.0,7988627.054545455,7.9886270545454545
Scenario2-490-20250720-17:36:09-742103,55045836.0,8006667.054545455,8.006667054545455
Scenario2-500-20250720-17:36:26-742175,55121245.0,8017635.636363637,8.017635636363636
Scenario2-501-20250720-17:36:27-742180,55216040.0,8031424.0,8.031424
Scenario2-502-20250720-17:36:30-742190,55027142.0,8003947.927272728,8.003947927272728
Scenario2-503-20250720-17:36:31-742199,54950684.0,7992826.763636364,7.992826763636364
Scenario2-504-20250720-17:36:33-742204,54961189.0,7994354.763636364,7.994354763636363
Scenario2-505-20250720-17:36:34-742209,55059507.0,8008655.5636363635,8.008655563636363
Scenario2-506-20250720-17:36:38-742218,55118347.0,8017214.109090909,8.01721410909091
Scenario2-507-20250720-17:36:39-742223,54962461.0,7994539.781818182,7.994539781818182
Scenario2-508-20250720-17:36:40-742233,55106484.0,8015488.581818182,8.015488581818182
Scenario2-509-20250720-17:36:41-742242,55035310.0,8005136.0,8.005136
Scenario2-491-20250720-17:36:11-742112,55029543.0,8004297.163636364,8.004297163636364
Scenario2-510-20250720-17:36:45-742248,55123262.0,8017929.018181819,8.01792901818182
Scenario2-511-20250720-17:36:47-742256,54951827.0,7992993.018181819,7.992993018181819
Scenario2-512-20250720-17:36:48-742261,55093579.0,8013611.490909091,8.013611490909092
Scenario2-513-20250720-17:36:49-742266,55026304.0,8003826.036363636,8.003826036363636
Scenario2-514-20250720-17:36:53-742279,55190867.0,8027762.472727273,8.027762472727273
Scenario2-515-20250720-17:36:54-742284,55010846.0,8001577.6,8.0015776
Scenario2-516-20250720-17:36:55-742291,54916417.0,7987842.472727273,7.987842472727273
Scenario2-517-20250720-17:36:56-742299,54998370.0,7999762.909090909,7.999762909090909
Scenario2-518-20250720-17:36:57-742304,55043958.0,8006393.890909091,8.006393890909091
Scenario2-519-20250720-17:37:01-742447,54979396.0,7997003.054545455,7.997003054545455
Scenario2-492-20250720-17:36:14-742117,54923191.0,7988827.781818182,7.988827781818182
Scenario2-520-20250720-17:37:02-742461,54878606.0,7982342.69090909,7.982342690909091
Scenario2-521-20250720-17:37:03-742533,55038993.0,8005671.709090909,8.005671709090908
Scenario2-522-20250720-17:37:05-742615,54893235.0,7984470.545454546,7.9844705454545455
Scenario2-523-20250720-17:37:06-742623,54982615.0,7997471.2727272725,7.997471272727273
Scenario2-524-20250720-17:37:06-742638,55105079.0,8015284.218181818,8.015284218181817
Scenario2-493-20250720-17:36:15-742123,55010328.0,8001502.254545455,8.001502254545455
Scenario2-494-20250720-17:36:17-742132,55047836.0,8006957.963636364,8.006957963636363
Scenario2-495-20250720-17:36:19-742142,55010793.0,8001569.890909091,8.00156989090909
Scenario2-496-20250720-17:36:19-742147,55024089.0,8003503.8545454545,8.003503854545455
Scenario2-497-20250720-17:36:22-742156,55006011.0,8000874.327272727,8.000874327272728
Scenario2-498-20250720-17:36:23-742161,55081024.0,8011785.30909091,8.011785309090909
Scenario2-499-20250720-17:36:25-742167,54924974.0,7989087.127272727,7.989087127272727
Scenario2-525-20250720-17:37:11-742788,55048126.0,8007000.1454545455,8.007000145454546
Scenario2-535-20250720-17:37:31-743144,55160362.0,8023325.381818182,8.023325381818182
Scenario2-536-20250720-17:37:33-743197,55221365.0,8032198.545454546,8.032198545454547
Scenario2-537-20250720-17:37:33-743202,54995670.0,7999370.181818182,7.999370181818182
Scenario2-538-20250720-17:37:34-743212,54914028.0,7987494.981818181,7.987494981818181
Scenario2-539-20250720-17:37:39-743220,54952934.0,7993154.036363636,7.993154036363636
Scenario2-540-20250720-17:37:41-743240,55077201.0,8011229.236363636,8.011229236363636
Scenario2-541-20250720-17:37:42-743251,55088205.0,8012829.818181818,8.01282981818182
Scenario2-542-20250720-17:37:43-743309,54936882.0,7990819.2,7.9908192
Scenario2-543-20250720-17:37:48-743370,55072385.0,8010528.7272727275,8.010528727272728
Scenario2-544-20250720-17:37:50-743410,55042894.0,8006239.127272727,8.006239127272726
Scenario2-526-20250720-17:37:13-742867,55035911.0,8005223.418181818,8.005223418181817
Scenario2-545-20250720-17:37:51-743419,55122260.0,8017783.2727272725,8.017783272727273
Scenario2-546-20250720-17:37:52-743426,54941099.0,7991432.581818182,7.991432581818182
Scenario2-547-20250720-17:37:55-743438,55092208.0,8013412.072727272,8.013412072727272
Scenario2-548-20250720-17:37:56-743448,55035634.0,8005183.127272727,8.005183127272726
Scenario2-549-20250720-17:37:58-743453,55156477.0,8022760.290909091,8.02276029090909
Scenario2-550-20250720-17:37:59-743458,55003737.0,8000543.5636363635,8.000543563636363
Scenario2-551-20250720-17:38:00-743464,54885114.0,7983289.30909091,7.983289309090909
Scenario2-552-20250720-17:38:04-743473,54998526.0,7999785.6,7.9997856
Scenario2-553-20250720-17:38:07-743490,55054460.0,8007921.454545454,8.007921454545453
Scenario2-554-20250720-17:38:08-743498,55008472.0,8001232.290909091,8.00123229090909
Scenario2-527-20250720-17:37:13-742871,54940606.0,7991360.872727273,7.991360872727273
Scenario2-555-20250720-17:38:08-743503,54860718.0,7979740.8,7.9797408
Scenario2-556-20250720-17:38:13-743528,55047197.0,8006865.018181819,8.006865018181818
Scenario2-557-20250720-17:38:15-743535,54865028.0,7980367.709090909,7.980367709090909
Scenario2-558-20250720-17:38:15-743540,54972556.0,7996008.1454545455,7.996008145454545
Scenario2-559-20250720-17:38:16-743548,55071449.0,8010392.581818182,8.010392581818182
Scenario2-528-20250720-17:37:15-742879,55038869.0,8005653.672727273,8.005653672727274
Scenario2-529-20250720-17:37:15-742884,55065976.0,8009596.509090909,8.009596509090908
Scenario2-530-20250720-17:37:17-742905,55008098.0,8001177.890909091,8.00117789090909
Scenario2-531-20250720-17:37:22-743022,55007067.0,8001027.927272728,8.001027927272728
Scenario2-532-20250720-17:37:24-743041,55008300.0,8001207.2727272725,8.001207272727273
Scenario2-533-20250720-17:37:24-743054,55055221.0,8008032.1454545455,8.008032145454546
Scenario2-534-20250720-17:37:26-743074,54950496.0,7992799.418181818,7.992799418181818
Scenario2-560-20250720-17:38:17-743554,55059218.0,8008613.527272727,8.008613527272727
Scenario2-570-20250720-17:38:35-743628,55089754.0,8013055.127272727,8.013055127272727
Scenario2-571-20250720-17:38:41-743640,55228438.0,8033227.345454546,8.033227345454545
Scenario2-572-20250720-17:38:42-743645,55009871.0,8001435.781818182,8.001435781818182
Scenario2-573-20250720-17:38:42-743650,54934518.0,7990475.345454546,7.990475345454546
Scenario2-574-20250720-17:38:43-743656,54979996.0,7997090.327272727,7.997090327272727
Scenario2-575-20250720-17:38:48-743670,55083172.0,8012097.745454545,8.012097745454545
Scenario2-576-20250720-17:38:51-743680,55131784.0,8019168.581818182,8.019168581818182
Scenario2-577-20250720-17:38:51-743685,54965325.0,7994956.363636363,7.994956363636363
Scenario2-578-20250720-17:38:51-743690,55062360.0,8009070.545454546,8.009070545454545
Scenario2-579-20250720-17:38:52-743695,55043348.0,8006305.163636364,8.006305163636364
Scenario2-561-20250720-17:38:22-743564,55035911.0,8005223.418181818,8.005223418181817
Scenario2-580-20250720-17:38:59-743710,55108172.0,8015734.109090909,8.015734109090909
Scenario2-581-20250720-17:39:00-743717,54949938.0,7992718.254545455,7.992718254545455
Scenario2-582-20250720-17:39:00-743722,55071227.0,8010360.290909091,8.010360290909091
Scenario2-583-20250720-17:39:01-743727,55010204.0,8001484.218181818,8.001484218181817
Scenario2-584-20250720-17:39:04-743737,55153304.0,8022298.763636364,8.022298763636364
Scenario2-585-20250720-17:39:08-743748,55024845.0,8003613.818181818,8.003613818181819
Scenario2-586-20250720-17:39:09-743755,54919440.0,7988282.181818182,7.988282181818182
Scenario2-587-20250720-17:39:10-743761,54989410.0,7998459.636363637,7.998459636363637
Scenario2-588-20250720-17:39:10-743767,55035389.0,8005147.490909091,8.005147490909092
Scenario2-589-20250720-17:39:12-743779,55016901.0,8002458.327272727,8.002458327272727
Scenario2-562-20250720-17:38:24-743574,54938149.0,7991003.490909091,7.991003490909091
Scenario2-590-20250720-17:39:18-743790,54876476.0,7982032.872727273,7.982032872727273
Scenario2-591-20250720-17:39:19-743796,55050053.0,8007280.4363636365,8.007280436363637
Scenario2-592-20250720-17:39:19-743801,54852462.0,7978539.927272728,7.9785399272727275
Scenario2-593-20250720-17:39:20-743807,54973422.0,7996134.109090909,7.996134109090909
Scenario2-594-20250720-17:39:21-743816,55088728.0,8012905.890909091,8.01290589090909
Scenario2-563-20250720-17:38:24-743579,55001510.0,8000219.636363637,8.000219636363637
Scenario2-564-20250720-17:38:25-743585,55033853.0,8004924.072727272,8.004924072727272
Scenario2-565-20250720-17:38:26-743593,55043568.0,8006337.163636364,8.006337163636363
Scenario2-566-20250720-17:38:32-743603,55060580.0,8008811.636363637,8.008811636363637
Scenario2-567-20250720-17:38:33-743611,55026049.0,8003788.945454545,8.003788945454545
Scenario2-568-20250720-17:38:33-743616,55112429.0,8016353.30909091,8.01635330909091
Scenario2-569-20250720-17:38:34-743622,54901238.0,7985634.618181818,7.985634618181818
Scenario2-595-20250720-17:39:27-744074,54996004.0,7999418.763636364,7.999418763636363
Scenario2-605-20250720-17:39:49-744279,55112373.0,8016345.163636364,8.016345163636364
Scenario2-606-20250720-17:39:50-744293,55205301.0,8029861.963636364,8.029861963636364
Scenario2-607-20250720-17:39:52-744305,55009245.0,8001344.7272727275,8.001344727272727
Scenario2-608-20250720-17:39:55-744314,54957717.0,7993849.745454545,7.993849745454545
Scenario2-609-20250720-17:39:57-744322,54956271.0,7993639.418181818,7.993639418181818
Scenario2-610-20250720-17:39:59-744330,55031789.0,8004623.8545454545,8.004623854545455
Scenario2-611-20250720-17:40:00-744336,55115838.0,8016849.163636364,8.016849163636364
Scenario2-612-20250720-17:40:00-744341,54948338.0,7992485.527272727,7.992485527272727
Scenario2-613-20250720-17:40:02-744358,55072908.0,8010604.8,8.0106048
Scenario2-614-20250720-17:40:06-744368,55041991.0,8006107.781818182,8.006107781818182
Scenario2-596-20250720-17:39:29-744122,55026895.0,8003912.0,8.003912
Scenario2-615-20250720-17:40:07-744376,55111291.0,8016187.781818182,8.016187781818182
Scenario2-616-20250720-17:40:09-744381,54947070.0,7992301.090909091,7.992301090909091
Scenario2-617-20250720-17:40:11-744388,55047151.0,8006858.327272727,8.006858327272727
Scenario2-618-20250720-17:40:12-744396,55028971.0,8004213.963636364,8.004213963636364
Scenario2-619-20250720-17:40:13-744401,55174039.0,8025314.763636364,8.025314763636363
Scenario2-620-20250720-17:40:16-744415,55024677.0,8003589.381818182,8.003589381818182
Scenario2-621-20250720-17:40:18-744424,54931917.0,7990097.018181819,7.990097018181818
Scenario2-622-20250720-17:40:20-744430,54982681.0,7997480.872727273,7.997480872727273
Scenario2-623-20250720-17:40:21-744438,55047059.0,8006844.945454545,8.006844945454546
Scenario2-624-20250720-17:40:22-744443,54990208.0,7998575.709090909,7.998575709090909
Scenario2-597-20250720-17:39:30-744127,54967816.0,7995318.69090909,7.99531869090909
Scenario2-625-20250720-17:40:28-744461,54883033.0,7982986.618181818,7.982986618181818
Scenario2-626-20250720-17:40:28-744466,55044355.0,8006451.636363637,8.006451636363638
Scenario2-627-20250720-17:40:31-744472,54877457.0,7982175.5636363635,7.982175563636363
Scenario2-628-20250720-17:40:32-744480,54974265.0,7996256.7272727275,7.996256727272727
Scenario2-629-20250720-17:40:37-744489,55094381.0,8013728.1454545455,8.013728145454545
Scenario2-598-20250720-17:39:32-744206,55020049.0,8002916.218181818,8.002916218181818
Scenario2-599-20250720-17:39:35-744214,55064979.0,8009451.490909091,8.009451490909091
Scenario2-600-20250720-17:39:37-744237,55031167.0,8004533.381818182,8.004533381818181
Scenario2-601-20250720-17:39:39-744246,55043300.0,8006298.181818182,8.006298181818181
Scenario2-602-20250720-17:39:42-744257,55037604.0,8005469.672727273,8.005469672727273
Scenario2-603-20250720-17:39:44-744263,55062540.0,8009096.7272727275,8.009096727272727
Scenario2-604-20250720-17:39:47-744272,54891903.0,7984276.8,7.9842768
